Wk,Day,Date,Time,Home,Score,Away,Attendance,Venue,Referee,Match Report,Notes
1,Fri,2018-08-03,20:00 (00:30),Reading,1–2,Derby County,16923,Madejski Stadium,Robert Jones,Match Report,
1,Sat,2018-08-04,15:00 (19:30),Wigan Athletic,3–2,Sheffield Weds,14207,The DW Stadium,Tim Robinson,Match Report,
1,Sat,2018-08-04,15:00 (19:30),Ipswich Town,2–2,Blackburn,18940,Portman Road Stadium,Andrew Davies,Match Report,
1,Sat,2018-08-04,15:00 (19:30),Brentford,5–1,Rotherham Utd,10297,Griffin Park,Oliver Langford,Match Report,
1,Sat,2018-08-04,15:00 (19:30),Bristol City,1–1,Nott'ham Forest,22395,Ashton Gate Stadium,Darren Bond,Match Report,
1,Sat,2018-08-04,15:00 (19:30),Birmingham City,2–2,Norwich City,22677,St Andrew's Trillion Trophy Stadium,Peter Bankes,Match Report,
1,Sat,2018-08-04,15:00 (19:30),West Brom,1–2,Bolton,25901,The Hawthorns,Geoff Eltringham,Match Report,
1,Sat,2018-08-04,15:00 (19:30),Millwall,2–2,Middlesbrough,15056,The Den,Kevin Friend,Match Report,
1,Sat,2018-08-04,15:00 (19:30),Preston,1–0,QPR,13418,Deepdale Stadium,Darren England,Match Report,
1,Sat,2018-08-04,17:30 (22:00),Sheffield Utd,1–2,Swansea City,24654,Bramall Lane,Jeremy Simpson,Match Report,
1,Sun,2018-08-05,16:30 (21:00),Leeds United,3–1,Stoke City,34126,Elland Road,Scott Duncan,Match Report,
1,Mon,2018-08-06,19:45 (00:15),Hull City,1–3,Aston Villa,14071,Kingston Communications Stadium,Andy Madley,Match Report,
,,,,,,,,,,,
4,Tue,2018-08-07,19:45 (00:15),Middlesbrough,3–0,Sheffield Utd,22960,Riverside Stadium,Robert Jones,Match Report,
4,Tue,2018-08-07,19:45 (00:15),Nott'ham Forest,1–1,West Brom,27850,The City Ground,Darren England,Match Report,
,,,,,,,,,,,
2,Sat,2018-08-11,15:00 (19:30),Swansea City,1–0,Preston,19352,Liberty Stadium,James Linington,Match Report,
2,Sat,2018-08-11,15:00 (19:30),Norwich City,3–4,West Brom,25144,Carrow Road,Lee Mason,Match Report,
2,Sat,2018-08-11,15:00 (19:30),Blackburn,0–0,Millwall,13239,Ewood Park,Gavin Ward,Match Report,
2,Sat,2018-08-11,15:00 (19:30),Sheffield Weds,1–1,Hull City,23416,Hillsborough Stadium,Stuart Attwell,Match Report,
2,Sat,2018-08-11,15:00 (19:30),Stoke City,1–1,Brentford,24806,Bet365 Stadium,Andrew Davies,Match Report,
2,Sat,2018-08-11,15:00 (19:30),Middlesbrough,1–0,Birmingham City,23748,Riverside Stadium,Andy Madley,Match Report,
2,Sat,2018-08-11,15:00 (19:30),Rotherham Utd,1–0,Ipswich Town,9460,New York Stadium,David Webb,Match Report,
2,Sat,2018-08-11,15:00 (19:30),Aston Villa,3–2,Wigan Athletic,34331,Villa Park,Jeremy Simpson,Match Report,
2,Sat,2018-08-11,15:00 (19:30),Bolton,2–2,Bristol City,14112,Macron Stadium,John Brooks,Match Report,
2,Sat,2018-08-11,15:00 (19:30),QPR,1–2,Sheffield Utd,14128,Loftus Road Stadium,Scott Duncan,Match Report,
2,Sat,2018-08-11,15:00 (19:30),Nott'ham Forest,1–0,Reading,27948,Ewood Park,Steve Martin,Match Report,
2,Sat,2018-08-11,17:30 (22:00),Derby County,1–4,Leeds United,27311,iPro Stadium,Peter Bankes,Match Report,
,,,,,,,,,,,
3,Fri,2018-08-17,19:45 (00:15),Birmingham City,0–0,Swansea City,20083,St Andrew's Trillion Trophy Stadium,Darren England,Match Report,
3,Sat,2018-08-18,15:00 (19:30),Ipswich Town,1–1,Aston Villa,17824,Portman Road Stadium,Tim Robinson,Match Report,
3,Sat,2018-08-18,15:00 (19:30),Millwall,2–1,Derby County,13557,The Den,Steve Martin,Match Report,
3,Sat,2018-08-18,15:00 (19:30),Leeds United,2–0,Rotherham Utd,33699,Elland Road,Robert Jones,Match Report,
3,Sat,2018-08-18,15:00 (19:30),Reading,0–1,Bolton,13318,Madejski Stadium,James Linington,Match Report,
3,Sat,2018-08-18,15:00 (19:30),Bristol City,0–2,Middlesbrough,19455,Ashton Gate Stadium,Oliver Langford,Match Report,
3,Sat,2018-08-18,15:00 (19:30),Hull City,0–1,Blackburn,12233,Kingston Communications Stadium,David Coote,Match Report,
3,Sat,2018-08-18,15:00 (19:30),West Brom,7–1,QPR,22753,The Hawthorns,Tony Harrington,Match Report,
3,Sat,2018-08-18,15:00 (19:30),Wigan Athletic,2–2,Nott'ham Forest,11543,The DW Stadium,Geoff Eltringham,Match Report,
3,Sat,2018-08-18,15:00 (19:30),Sheffield Utd,2–1,Norwich City,23850,Bramall Lane,Darren Bond,Match Report,
3,Sat,2018-08-18,17:30 (22:00),Preston,2–2,Stoke City,13996,Deepdale Stadium,Andy Madley,Match Report,
3,Sun,2018-08-19,15:00 (19:30),Brentford,2–0,Sheffield Weds,10134,Griffin Park,David Webb,Match Report,
,,,,,,,,,,,
4,Tue,2018-08-21,19:45 (00:15),Swansea City,2–2,Leeds United,20860,Liberty Stadium,Andrew Davies,Match Report,
4,Tue,2018-08-21,19:45 (00:15),Derby County,2–0,Ipswich Town,24362,iPro Stadium,Scott Duncan,Match Report,
4,Tue,2018-08-21,19:45 (00:15),Rotherham Utd,2–3,Hull City,8962,New York Stadium,Jeremy Simpson,Match Report,
4,Tue,2018-08-21,19:45 (00:15),QPR,0–3,Bristol City,11739,Loftus Road Stadium,Peter Bankes,Match Report,
4,Wed,2018-08-22,19:45 (00:15),Blackburn,2–2,Reading,11818,Ewood Park,Oliver Langford,Match Report,
4,Wed,2018-08-22,19:45 (00:15),Norwich City,2–0,Preston,24936,Carrow Road,Gavin Ward,Match Report,
4,Wed,2018-08-22,19:45 (00:15),Aston Villa,2–2,Brentford,30011,Villa Park,Jonathan Moss,Match Report,
4,Wed,2018-08-22,19:45 (00:15),Sheffield Weds,2–1,Millwall,21349,Hillsborough Stadium,Andy Madley,Match Report,
4,Wed,2018-08-22,20:00 (00:30),Bolton,1–0,Birmingham City,13821,Macron Stadium,Lee Probert,Match Report,
4,Wed,2018-08-22,20:00 (00:30),Stoke City,0–3,Wigan Athletic,23158,Bet365 Stadium,John Brooks,Match Report,
,,,,,,,,,,,
5,Fri,2018-08-24,19:45 (00:15),Middlesbrough,1–0,West Brom,22906,Riverside Stadium,John Brooks,Match Report,
5,Sat,2018-08-25,15:00 (19:30),QPR,1–0,Wigan Athletic,11564,Loftus Road Stadium,Steve Martin,Match Report,
5,Sat,2018-08-25,15:00 (19:30),Derby County,2–0,Preston,25257,iPro Stadium,David Webb,Match Report,
5,Sat,2018-08-25,15:00 (19:30),Bolton,0–3,Sheffield Utd,14848,Macron Stadium,Andy Madley,Match Report,
5,Sat,2018-08-25,15:00 (19:30),Norwich City,0–3,Leeds United,25944,Carrow Road,Simon Hooper,Match Report,
5,Sat,2018-08-25,15:00 (19:30),Blackburn,1–0,Brentford,12094,Ewood Park,Tony Harrington,Match Report,
5,Sat,2018-08-25,15:00 (19:30),Stoke City,2–0,Hull City,23311,Bet365 Stadium,Darren Bond,Match Report,
5,Sat,2018-08-25,15:00 (19:30),Swansea City,0–1,Bristol City,20522,Liberty Stadium,Gavin Ward,Match Report,
5,Sat,2018-08-25,15:00 (19:30),Sheffield Weds,2–1,Ipswich Town,22499,Hillsborough Stadium,Jeremy Simpson,Match Report,
5,Sat,2018-08-25,17:00 (19:30),Aston Villa,1–1,Reading,33405,Villa Park tekonurmi,Darren England,Match Report,
5,Sat,2018-08-25,17:30 (22:00),Nott'ham Forest,2–2,Birmingham City,26799,The City Ground,Tim Robinson,Match Report,
5,Sun,2018-08-26,12:30 (17:00),Rotherham Utd,1–0,Millwall,8197,New York Stadium,Geoff Eltringham,Match Report,
,,,,,,,,,,,
6,Fri,2018-08-31,19:45 (00:15),Leeds United,0–0,Middlesbrough,35417,Elland Road,Tim Robinson,Match Report,
6,Sat,2018-09-01,15:00 (19:30),Birmingham City,0–0,QPR,21155,St Andrew's Trillion Trophy Stadium,Jeremy Simpson,Match Report,
6,Sat,2018-09-01,15:00 (19:30),Hull City,1–2,Derby County,12285,Kingston Communications Stadium,John Brooks,Match Report,
6,Sat,2018-09-01,15:00 (19:30),Sheffield Utd,4–1,Aston Villa,26030,Bramall Lane,James Linington,Match Report,
6,Sat,2018-09-01,15:00 (19:30),Reading,1–2,Sheffield Weds,14352,Madejski Stadium,Gavin Ward,Match Report,
6,Sat,2018-09-01,15:00 (19:30),West Brom,2–1,Stoke City,25183,The Hawthorns,Simon Hooper,Match Report,
6,Sat,2018-09-01,15:00 (19:30),Brentford,2–1,Nott'ham Forest,10186,Griffin Park,Peter Bankes,Match Report,
6,Sat,2018-09-01,15:00 (19:30),Preston,2–2,Bolton,16331,Deepdale Stadium,Andrew Davies,Match Report,
6,Sat,2018-09-01,15:00 (19:30),Wigan Athletic,1–0,Rotherham Utd,9584,The DW Stadium,Scott Duncan,Match Report,
6,Sat,2018-09-01,17:30 (22:00),Millwall,1–2,Swansea City,12440,The Den,Graham Scott,Match Report,
6,Sun,2018-09-02,12:00 (16:30),Ipswich Town,1–1,Norwich City,25690,Portman Road Stadium,Robert Jones,Match Report,
6,Sun,2018-09-02,13:30 (18:00),Bristol City,4–1,Blackburn,19769,Ashton Gate Stadium,David Webb,Match Report,
,,,,,,,,,,,
7,Fri,2018-09-14,19:45 (00:15),Birmingham City,1–1,West Brom,22715,St Andrew's Trillion Trophy Stadium,Andy Madley,Match Report,
7,Sat,2018-09-15,15:00 (19:30),Sheffield Weds,2–2,Stoke City,24905,Hillsborough Stadium,Geoff Eltringham,Match Report,
7,Sat,2018-09-15,15:00 (19:30),Brentford,2–0,Wigan Athletic,9951,Griffin Park,Darren England,Match Report,
7,Sat,2018-09-15,15:00 (19:30),Bolton,1–2,QPR,13581,Macron Stadium,Oliver Langford,Match Report,
7,Sat,2018-09-15,15:00 (19:30),Millwall,1–1,Leeds United,17195,The Den,Chris Kavanagh,Match Report,
7,Sat,2018-09-15,15:00 (19:30),Rotherham Utd,1–0,Derby County,10707,New York Stadium,Peter Bankes,Match Report,
7,Sat,2018-09-15,15:00 (19:30),Swansea City,0–0,Nott'ham Forest,19522,Liberty Stadium,Scott Duncan,Match Report,
7,Sat,2018-09-15,15:00 (19:30),Norwich City,1–0,Middlesbrough,24642,Carrow Road,James Linington,Match Report,
7,Sat,2018-09-15,15:00 (19:30),Preston,2–3,Reading,10849,Deepdale Stadium,Darren Bond,Match Report,
7,Sat,2018-09-15,15:00 (19:30),Hull City,2–0,Ipswich Town,11650,Kingston Communications Stadium,Tony Harrington,Match Report,
7,Sat,2018-09-15,15:00 (19:30),Bristol City,1–0,Sheffield Utd,20540,Ashton Gate Stadium,John Brooks,Match Report,
7,Sat,2018-09-15,17:30 (22:00),Blackburn,1–1,Aston Villa,15982,Ewood Park,Steve Martin,Match Report,
,,,,,,,,,,,
8,Tue,2018-09-18,19:45 (00:15),Leeds United,3–0,Preston,27729,Elland Road,Geoff Eltringham,Match Report,
8,Tue,2018-09-18,19:45 (00:15),Ipswich Town,1–1,Brentford,14897,Portman Road Stadium,Darren Bond,Match Report,
8,Tue,2018-09-18,19:45 (00:15),Derby County,0–0,Blackburn,23580,iPro Stadium,Darren England,Match Report,
8,Tue,2018-09-18,19:45 (00:15),Aston Villa,2–0,Rotherham Utd,27991,Villa Park,Andrew Davies,Match Report,
8,Tue,2018-09-18,19:45 (00:15),Wigan Athletic,2–1,Hull City,8848,The DW Stadium,David Webb,Match Report,
8,Tue,2018-09-18,20:00 (00:30),Stoke City,1–0,Swansea City,22078,Bet365 Stadium,Paul Tierney,Match Report,
8,Tue,2018-09-18,20:00 (00:30),West Brom,4–2,Bristol City,22051,The Hawthorns,Jeremy Simpson,Match Report,
8,Wed,2018-09-19,19:45 (00:15),Nott'ham Forest,2–1,Sheffield Weds,26252,The City Ground,Tony Harrington,Match Report,
8,Wed,2018-09-19,19:45 (00:15),Middlesbrough,2–0,Bolton,21345,Riverside Stadium,David Coote,Match Report,
8,Wed,2018-09-19,19:45 (00:15),QPR,2–0,Millwall,12398,Loftus Road Stadium,Robert Jones,Match Report,
8,Wed,2018-09-19,19:45 (00:15),Sheffield Utd,0–0,Birmingham City,23525,Bramall Lane,Gavin Ward,Match Report,
8,Wed,2018-09-19,20:00 (00:30),Reading,1–2,Norwich City,12822,Madejski Stadium,Tim Robinson,Match Report,
,,,,,,,,,,,
9,Fri,2018-09-21,19:45 (00:15),Wigan Athletic,1–0,Bristol City,10192,The DW Stadium,Oliver Langford,Match Report,
9,Sat,2018-09-22,15:00 (19:30),Leeds United,1–2,Birmingham City,34800,Elland Road,Peter Bankes,Match Report,
9,Sat,2018-09-22,15:00 (19:30),Ipswich Town,0–0,Bolton,14755,Portman Road Stadium,Steve Martin,Match Report,
9,Sat,2018-09-22,15:00 (19:30),Derby County,3–1,Brentford,25110,iPro Stadium,Andy Madley,Match Report,
9,Sat,2018-09-22,15:00 (19:30),Nott'ham Forest,1–0,Rotherham Utd,27479,The City Ground,Robert Jones,Match Report,
9,Sat,2018-09-22,15:00 (19:30),West Brom,2–0,Millwall,23563,The Hawthorns,Tim Robinson,Match Report,
9,Sat,2018-09-22,15:00 (19:30),Aston Villa,1–2,Sheffield Weds,35572,Villa Park,David Webb,Match Report,
9,Sat,2018-09-22,15:00 (19:30),Stoke City,2–3,Blackburn,25673,Bet365 Stadium,Tony Harrington,Match Report,
9,Sat,2018-09-22,15:00 (19:30),Middlesbrough,0–0,Swansea City,22881,Riverside Stadium,Simon Hooper,Match Report,
9,Sat,2018-09-22,15:00 (19:30),Sheffield Utd,3–2,Preston,23857,Bramall Lane,Scott Duncan,Match Report,
9,Sat,2018-09-22,15:00 (19:30),Reading,3–0,Hull City,12409,Madejski Stadium,Jeremy Simpson,Match Report,
9,Sat,2018-09-22,17:30 (22:00),QPR,0–1,Norwich City,12843,Loftus Road Stadium,Darren Bond,Match Report,
,,,,,,,,,,,
10,Fri,2018-09-28,19:45 (00:15),Sheffield Weds,1–1,Leeds United,26717,Hillsborough Stadium,Robert Jones,Match Report,
10,Fri,2018-09-28,20:00 (00:30),Bristol City,1–1,Aston Villa,24224,Ashton Gate Stadium,Tim Robinson,Match Report,
10,Sat,2018-09-29,15:00 (19:30),Norwich City,1–0,Wigan Athletic,25034,Carrow Road,Gavin Ward,Match Report,
10,Sat,2018-09-29,15:00 (19:30),Millwall,2–3,Sheffield Utd,13145,The Den,Andrew Davies,Match Report,
10,Sat,2018-09-29,15:00 (19:30),Blackburn,2–2,Nott'ham Forest,14440,Ewood Park,Andy Madley,Match Report,
10,Sat,2018-09-29,15:00 (19:30),Preston,2–3,West Brom,14099,Deepdale Stadium,Tony Harrington,Match Report,
10,Sat,2018-09-29,15:00 (19:30),Swansea City,3–0,QPR,18633,Liberty Stadium,Kevin Friend,Match Report,
10,Sat,2018-09-29,15:00 (19:30),Brentford,2–2,Reading,10045,Griffin Park,Geoff Eltringham,Match Report,
10,Sat,2018-09-29,15:00 (19:30),Bolton,1–0,Derby County,14096,Macron Stadium,Scott Duncan,Match Report,
10,Sat,2018-09-29,15:00 (19:30),Birmingham City,2–2,Ipswich Town,21612,St Andrew's Trillion Trophy Stadium,John Brooks,Match Report,
10,Sat,2018-09-29,15:00 (19:30),Hull City,1–1,Middlesbrough,13185,Kingston Communications Stadium,Darren England,Match Report,
10,Sat,2018-09-29,17:30 (22:00),Rotherham Utd,2–2,Stoke City,9706,New York Stadium,Tony Harrington,Match Report,
,,,,,,,,,,,
11,Tue,2018-10-02,19:45 (00:15),Aston Villa,3–3,Preston,27331,Villa Park,Peter Bankes,Match Report,
11,Tue,2018-10-02,19:45 (00:15),Hull City,0–1,Leeds United,13798,Kingston Communications Stadium,Darren Bond,Match Report,
11,Tue,2018-10-02,19:45 (00:15),Brentford,1–1,Birmingham City,9715,Griffin Park,Tim Robinson,Match Report,
11,Tue,2018-10-02,19:45 (00:15),Ipswich Town,0–2,Middlesbrough,13612,Portman Road Stadium,Andy Madley,Match Report,
11,Tue,2018-10-02,19:45 (00:15),Wigan Athletic,0–0,Swansea City,8964,The DW Stadium,John Brooks,Match Report,
11,Tue,2018-10-02,20:00 (00:30),Stoke City,2–0,Bolton,22116,Bet365 Stadium,Jeremy Simpson,Match Report,
11,Tue,2018-10-02,20:00 (00:30),Reading,0–1,QPR,13568,Madejski Stadium,Andrew Davies,Match Report,
11,Wed,2018-10-03,19:45 (00:15),Blackburn,0–2,Sheffield Utd,14440,Ewood Park,Robert Jones,Match Report,
11,Wed,2018-10-03,19:45 (00:15),Derby County,1–1,Norwich City,24236,iPro Stadium,Geoff Eltringham,Match Report,
11,Wed,2018-10-03,19:45 (00:15),Rotherham Utd,0–0,Bristol City,8187,New York Stadium,Gavin Ward,Match Report,
11,Wed,2018-10-03,19:45 (00:15),Nott'ham Forest,2–2,Millwall,25753,The City Ground,Jonathan Moss,Match Report,
11,Wed,2018-10-03,19:45 (00:15),Sheffield Weds,2–2,West Brom,22150,Hillsborough Stadium,Oliver Langford,Match Report,
,,,,,,,,,,,
12,Sat,2018-10-06,12:30 (17:00),Leeds United,1–1,Brentford,31880,Elland Road,Jeremy Simpson,Match Report,
12,Sat,2018-10-06,15:00 (19:30),Preston,4–0,Wigan Athletic,15280,Deepdale Stadium,Lee Probert,Match Report,
12,Sat,2018-10-06,15:00 (19:30),QPR,1–1,Derby County,14727,Loftus Road Stadium,David Webb,Match Report,
12,Sat,2018-10-06,15:00 (19:30),West Brom,4–1,Reading,22865,The Hawthorns,Darren England,Match Report,
12,Sat,2018-10-06,15:00 (19:30),Swansea City,2–3,Ipswich Town,18810,Liberty Stadium,Oliver Langford,Match Report,
12,Sat,2018-10-06,15:00 (19:30),Birmingham City,3–1,Rotherham Utd,19795,St Andrew's Trillion Trophy Stadium,Keith Stroud,Match Report,
12,Sat,2018-10-06,15:00 (19:30),Sheffield Utd,1–0,Hull City,25360,Bramall Lane,Peter Bankes,Match Report,
12,Sat,2018-10-06,15:00 (19:30),Norwich City,0–1,Stoke City,24992,Carrow Road,David Coote,Match Report,
12,Sat,2018-10-06,15:00 (19:30),Middlesbrough,0–2,Nott'ham Forest,24299,Riverside Stadium,John Brooks,Match Report,
12,Sat,2018-10-06,15:00 (19:30),Millwall,2–1,Aston Villa,14491,The Den,Tony Harrington,Match Report,
12,Sat,2018-10-06,17:30 (22:00),Bolton,0–1,Blackburn,15461,Macron Stadium,Darren Bond,Match Report,
12,Sun,2018-10-07,13:30 (18:00),Bristol City,1–2,Sheffield Weds,20102,Ashton Gate Stadium,Andrew Davies,Match Report,
,,,,,,,,,,,
13,Fri,2018-10-19,19:45 (00:15),Sheffield Weds,1–2,Middlesbrough,23284,Hillsborough Stadium,Peter Bankes,Match Report,
13,Sat,2018-10-20,12:00 (16:30),Blackburn,2–1,Leeds United,20929,Ewood Park,Darren England,Match Report,
13,Sat,2018-10-20,15:00 (19:30),Brentford,0–1,Bristol City,11182,Griffin Park,Robert Jones,Match Report,
13,Sat,2018-10-20,15:00 (19:30),Hull City,1–1,Preston,12066,Kingston Communications Stadium,Gavin Ward,Match Report,
13,Sat,2018-10-20,15:00 (19:30),Stoke City,0–1,Birmingham City,28160,Bet365 Stadium,Roger East,Match Report,
13,Sat,2018-10-20,15:00 (19:30),Rotherham Utd,1–1,Bolton,10011,New York Stadium,Tim Robinson,Match Report,
13,Sat,2018-10-20,15:00 (19:30),Ipswich Town,0–2,QPR,18345,Portman Road Stadium,Geoff Eltringham,Match Report,
13,Sat,2018-10-20,15:00 (19:30),Reading,3–1,Millwall,14532,Madejski Stadium,David Webb,Match Report,
13,Sat,2018-10-20,15:00 (19:30),Nott'ham Forest,1–2,Norwich City,29427,The City Ground,Keith Stroud,Match Report,
13,Sat,2018-10-20,15:00 (19:30),Aston Villa,1–0,Swansea City,41326,Villa Park,Andy Madley,Match Report,
13,Sat,2018-10-20,15:00 (19:30),Wigan Athletic,1–0,West Brom,12739,The DW Stadium,Jeremy Simpson,Match Report,
13,Sat,2018-10-20,17:30 (22:00),Derby County,2–1,Sheffield Utd,27927,iPro Stadium,Oliver Langford,Match Report,
,,,,,,,,,,,
14,Tue,2018-10-23,19:45 (00:15),Birmingham City,2–1,Reading,22126,St Andrew's Trillion Trophy Stadium,Tony Harrington,Match Report,
14,Tue,2018-10-23,19:45 (00:15),Sheffield Utd,1–1,Stoke City,24463,Bramall Lane,Gavin Ward,Match Report,
14,Tue,2018-10-23,19:45 (00:15),Millwall,2–1,Wigan Athletic,11190,The Den,James Linington,Match Report,
14,Tue,2018-10-23,19:45 (00:15),Norwich City,2–1,Aston Villa,24977,Carrow Road,Simon Hooper,Match Report,
14,Tue,2018-10-23,19:45 (00:15),Middlesbrough,0–0,Rotherham Utd,21235,Riverside Stadium,Darren Bond,Match Report,
14,Tue,2018-10-23,19:45 (00:15),QPR,3–0,Sheffield Weds,12534,Loftus Road Stadium,John Brooks,Match Report,
14,Tue,2018-10-23,19:45 (00:15),Swansea City,3–1,Blackburn,18035,Liberty Stadium,Geoff Eltringham,Match Report,
14,Wed,2018-10-24,19:45 (00:15),Preston,4–3,Brentford,10882,Deepdale Stadium,Scott Duncan,Match Report,
14,Wed,2018-10-24,19:45 (00:15),Leeds United,2–0,Ipswich Town,29082,Elland Road,Craig Pawson,Match Report,
14,Wed,2018-10-24,19:45 (00:15),Bristol City,1–0,Hull City,19149,Ashton Gate Stadium,Peter Bankes,Match Report,
14,Wed,2018-10-24,20:00 (00:30),West Brom,1–4,Derby County,22848,The Hawthorns,Robert Jones,Match Report,
14,Wed,2018-10-24,20:00 (00:30),Bolton,0–3,Nott'ham Forest,13195,Macron Stadium,Andrew Davies,Match Report,
,,,,,,,,,,,
15,Fri,2018-10-26,19:45 (00:15),QPR,1–0,Aston Villa,16036,Loftus Road Stadium,Darren England,Match Report,
15,Sat,2018-10-27,12:30 (17:00),Middlesbrough,1–1,Derby County,22907,Riverside Stadium,Simon Hooper,Match Report,
15,Sat,2018-10-27,15:00 (19:30),Swansea City,2–0,Reading,18785,Liberty Stadium,Keith Stroud,Match Report,
15,Sat,2018-10-27,15:00 (19:30),Millwall,3–0,Ipswich Town,15386,The Den,Robert Jones,Match Report,
15,Sat,2018-10-27,15:00 (19:30),Bristol City,0–1,Stoke City,22456,Ashton Gate Stadium,Andy Madley,Match Report,
15,Sat,2018-10-27,15:00 (19:30),Sheffield Utd,4–2,Wigan Athletic,24429,Bramall Lane,Tony Harrington,Match Report,
15,Sat,2018-10-27,15:00 (19:30),Bolton,0–1,Hull City,13108,Macron Stadium,David Webb,Match Report,
15,Sat,2018-10-27,15:00 (19:30),West Brom,1–1,Blackburn,23820,The Hawthorns,Scott Duncan,Match Report,
15,Sat,2018-10-27,15:00 (19:30),Birmingham City,3–1,Sheffield Weds,23659,St Andrew's Trillion Trophy Stadium,Darren Bond,Match Report,
15,Sat,2018-10-27,15:00 (19:30),Norwich City,1–0,Brentford,25443,Carrow Road,Oliver Langford,Match Report,
15,Sat,2018-10-27,15:00 (19:30),Preston,1–1,Rotherham Utd,11780,Deepdale Stadium,Jeremy Simpson,Match Report,
15,Sat,2018-10-27,17:30 (22:00),Leeds United,1–1,Nott'ham Forest,34308,Elland Road,Geoff Eltringham,Match Report,
,,,,,,,,,,,
16,Fri,2018-11-02,19:45 (01:15),Aston Villa,2–0,Bolton,30802,Villa Park,Oliver Langford,Match Report,
16,Sat,2018-11-03,15:00 (20:30),Derby County,3–1,Birmingham City,28114,iPro Stadium,Chris Kavanagh,Match Report,
16,Sat,2018-11-03,15:00 (20:30),Reading,3–2,Bristol City,14455,Madejski Stadium,James Linington,Match Report,
16,Sat,2018-11-03,15:00 (20:30),Blackburn,1–0,QPR,13294,Ewood Park,Peter Bankes,Match Report,
16,Sat,2018-11-03,15:00 (20:30),Rotherham Utd,2–1,Swansea City,9006,New York Stadium,Tony Harrington,Match Report,
16,Sat,2018-11-03,15:00 (20:30),Hull City,1–0,West Brom,11916,iPro Stadium,Keith Stroud,Match Report,
16,Sat,2018-11-03,15:00 (20:30),Nott'ham Forest,1–0,Sheffield Utd,28757,The City Ground,Scott Duncan,Match Report,
16,Sat,2018-11-03,15:00 (20:30),Ipswich Town,1–1,Preston,15129,Portman Road Stadium,Andy Woolmer,Match Report,
16,Sat,2018-11-03,15:00 (20:30),Brentford,2–0,Millwall,9476,Griffin Park,Simon Hooper,Match Report,
16,Sat,2018-11-03,15:00 (20:30),Sheffield Weds,0–4,Norwich City,23425,Hillsborough Stadium,Steve Martin,Match Report,
16,Sat,2018-11-03,17:30 (23:00),Stoke City,0–0,Middlesbrough,24553,Bet365 Stadium,Robert Jones,Match Report,
16,Sun,2018-11-04,13:30 (19:00),Wigan Athletic,1–2,Leeds United,14799,The DW Stadium,Andrew Davies,Match Report,
,,,,,,,,,,,
17,Fri,2018-11-09,19:45 (01:15),Sheffield Utd,0–0,Sheffield Weds,30261,Bramall Lane,Andy Madley,Match Report,
17,Sat,2018-11-10,15:00 (20:30),Derby County,0–3,Aston Villa,30400,iPro Stadium,John Brooks,Match Report,
17,Sat,2018-11-10,15:00 (20:30),QPR,3–2,Brentford,17609,Loftus Road Stadium,James Linington,Match Report,
17,Sat,2018-11-10,15:00 (20:30),Birmingham City,3–3,Hull City,21468,St Andrew's Trillion Trophy Stadium,Gavin Ward,Match Report,
17,Sat,2018-11-10,15:00 (20:30),Blackburn,1–1,Rotherham Utd,12847,Ewood Park,David Webb,Match Report,
17,Sat,2018-11-10,15:00 (20:30),Middlesbrough,2–0,Wigan Athletic,22207,Riverside Stadium,Darren England,Match Report,
17,Sat,2018-11-10,15:00 (20:30),Norwich City,4–3,Millwall,26289,Carrow Road,Jeremy Simpson,Match Report,
17,Sat,2018-11-10,15:00 (20:30),Reading,2–2,Ipswich Town,14952,Madejski Stadium,Darren Bond,Match Report,
17,Sat,2018-11-10,15:00 (20:30),Bolton,0–1,Swansea City,14090,Macron Stadium,Graham Scott,Match Report,
17,Sat,2018-11-10,15:00 (20:30),Nott'ham Forest,0–0,Stoke City,28556,The City Ground,Oliver Langford,Match Report,
17,Sat,2018-11-10,15:00 (20:30),Bristol City,0–1,Preston,19797,Ashton Gate Stadium,Geoff Eltringham,Match Report,
17,Sat,2018-11-10,17:30 (23:00),West Brom,4–1,Leeds United,25661,The Hawthorns,Lee Mason,Match Report,
,,,,,,,,,,,
18,Fri,2018-11-23,19:45 (01:15),Ipswich Town,1–2,West Brom,22995,Portman Road Stadium,Keith Stroud,Match Report,
18,Sat,2018-11-24,12:30 (18:00),Rotherham Utd,2–2,Sheffield Utd,11607,New York Stadium,Peter Bankes,Match Report,
18,Sat,2018-11-24,15:00 (20:30),Millwall,1–1,Bolton,12554,The Den,Lee Swabey,Match Report,
18,Sat,2018-11-24,15:00 (20:30),Wigan Athletic,0–0,Reading,9211,The DW Stadium,Oliver Langford,Match Report,
18,Sat,2018-11-24,15:00 (20:30),Leeds United,2–0,Bristol City,34333,Elland Road,Scott Duncan,Match Report,
18,Sat,2018-11-24,15:00 (20:30),Sheffield Weds,1–2,Derby County,25204,Hillsborough Stadium,Jeremy Simpson,Match Report,
18,Sat,2018-11-24,15:00 (20:30),Preston,4–1,Blackburn,19912,Deepdale Stadium,Andy Madley,Match Report,
18,Sat,2018-11-24,15:00 (20:30),Stoke City,2–2,QPR,24291,Bet365 Stadium,Andrew Davies,Match Report,
18,Sat,2018-11-24,15:00 (20:30),Swansea City,1–4,Norwich City,18780,Liberty Stadium,Darren Bond,Match Report,
18,Sat,2018-11-24,15:00 (20:30),Hull City,0–2,Nott'ham Forest,3364,Kingston Communications Stadium,Graham Scott,Match Report,
18,Sat,2018-11-24,17:30 (23:00),Brentford,1–2,Middlesbrough,9430,Griffin Park,John Brooks,Match Report,
18,Sun,2018-11-25,12:00 (17:30),Aston Villa,4–2,Birmingham City,41200,Villa Park,Robert Jones,Match Report,
,,,,,,,,,,,
19,Tue,2018-11-27,19:45 (01:15),Preston,1–1,Middlesbrough,10990,Deepdale Stadium,Peter Bankes,Match Report,
19,Tue,2018-11-27,19:45 (01:15),Sheffield Weds,1–0,Bolton,20861,Hillsborough Stadium,Gavin Ward,Match Report,
19,Tue,2018-11-27,19:45 (01:15),Brentford,2–3,Sheffield Utd,8903,Griffin Park,Steve Martin,Match Report,
19,Tue,2018-11-27,19:45 (01:15),Leeds United,1–0,Reading,27806,Elland Road,Mike Dean,Match Report,
19,Tue,2018-11-27,19:45 (01:15),Rotherham Utd,2–2,QPR,8018,New York Stadium,Andy Woolmer,Match Report,
19,Tue,2018-11-27,19:45 (01:15),Hull City,0–0,Norwich City,11420,Kingston Communications Stadium,Geoff Eltringham,Match Report,
19,Wed,2018-11-28,19:45 (01:15),Ipswich Town,2–3,Bristol City,13726,Portman Road Stadium,David Webb,Match Report,
19,Wed,2018-11-28,19:45 (01:15),Aston Villa,5–5,Nott'ham Forest,32868,Villa Park,Simon Hooper,Match Report,
19,Wed,2018-11-28,19:45 (01:15),Swansea City,1–2,West Brom,17865,Liberty Stadium,James Linington,Match Report,
19,Wed,2018-11-28,19:45 (01:15),Millwall,0–2,Birmingham City,11644,The Den,Scott Duncan,Match Report,
19,Wed,2018-11-28,19:45 (01:15),Wigan Athletic,3–1,Blackburn,10777,The DW Stadium,Keith Stroud,Match Report,
19,Wed,2018-11-28,20:00 (01:30),Stoke City,2–1,Derby County,25147,Bet365 Stadium,Darren England,Match Report,
,,,,,,,,,,,
20,Sat,2018-12-01,12:30 (18:00),Sheffield Utd,0–1,Leeds United,25794,Bramall Lane,Oliver Langford,Match Report,
20,Sat,2018-12-01,15:00 (20:30),Nott'ham Forest,2–0,Ipswich Town,27873,The City Ground,James Linington,Match Report,
20,Sat,2018-12-01,15:00 (20:30),Norwich City,3–1,Rotherham Utd,25858,Carrow Road,Steve Martin,Match Report,
20,Sat,2018-12-01,15:00 (20:30),Birmingham City,3–0,Preston,20523,St Andrew's Trillion Trophy Stadium,David Webb,Match Report,
20,Sat,2018-12-01,15:00 (20:30),Derby County,2–1,Swansea City,26167,iPro Stadium,Andy Madley,Match Report,
20,Sat,2018-12-01,15:00 (20:30),QPR,2–3,Hull City,13824,Loftus Road Stadium,Jeremy Simpson,Match Report,
20,Sat,2018-12-01,15:00 (20:30),Blackburn,4–2,Sheffield Weds,15154,Ewood Park,Robert Jones,Match Report,
20,Sat,2018-12-01,15:00 (20:30),Reading,2–2,Stoke City,14414,Madejski Stadium,David Coote,Match Report,
20,Sat,2018-12-01,15:00 (20:30),Bolton,1–1,Wigan Athletic,15237,Macron Stadium,Simon Hooper,Match Report,
20,Sat,2018-12-01,17:30 (23:00),Middlesbrough,0–3,Aston Villa,23424,Riverside Stadium,Andrew Davies,Match Report,
20,Sun,2018-12-02,13:30 (19:00),Bristol City,1–1,Millwall,18814,Ashton Gate Stadium,Darren England,Match Report,
20,Mon,2018-12-03,20:00 (01:30),West Brom,1–1,Brentford,20949,The Hawthorns,Darren Bond,Match Report,
,,,,,,,,,,,
21,Fri,2018-12-07,20:00 (01:30),West Brom,2–2,Aston Villa,26513,The Hawthorns,Darren England,Match Report,
21,Sat,2018-12-08,15:00 (20:30),Birmingham City,0–1,Bristol City,20961,St Andrew's Trillion Trophy Stadium,John Brooks,Match Report,
21,Sat,2018-12-08,15:00 (20:30),Stoke City,2–0,Ipswich Town,24694,Bet365 Stadium,Geoff Eltringham,Match Report,
21,Sat,2018-12-08,15:00 (20:30),Middlesbrough,1–1,Blackburn,21985,Riverside Stadium,Simon Hooper,Match Report,
21,Sat,2018-12-08,15:00 (20:30),Norwich City,3–2,Bolton,25811,Carrow Road,Scott Duncan,Match Report,
21,Sat,2018-12-08,15:00 (20:30),Nott'ham Forest,0–1,Preston,27777,The City Ground,Steve Martin,Match Report,
21,Sat,2018-12-08,15:00 (20:30),Millwall,2–2,Hull City,12004,The Den,Keith Stroud,Match Report,
21,Sat,2018-12-08,15:00 (20:30),Leeds United,2–1,QPR,33781,Elland Road,Peter Bankes,Match Report,
21,Sat,2018-12-08,15:00 (20:30),Sheffield Weds,2–2,Rotherham Utd,24725,Hillsborough Stadium,Darren Bond,Match Report,
21,Sat,2018-12-08,15:00 (20:30),Brentford,2–3,Swansea City,9442,Griffin Park,Andy Woolmer,Match Report,
21,Sat,2018-12-08,15:00 (20:30),Wigan Athletic,0–1,Derby County,10768,The DW Stadium,Gavin Ward,Match Report,
21,Sat,2018-12-08,17:30 (23:00),Reading,0–2,Sheffield Utd,12066,Madejski Stadium,James Linington,Match Report,
,,,,,,,,,,,
22,Fri,2018-12-14,19:45 (01:15),Sheffield Utd,1–2,West Brom,23400,Bramall Lane,Jeremy Simpson,Match Report,
22,Sat,2018-12-15,15:00 (20:30),Ipswich Town,1–0,Wigan Athletic,14640,Portman Road Stadium,Scott Duncan,Match Report,
22,Sat,2018-12-15,15:00 (20:30),Aston Villa,2–2,Stoke City,36999,Villa Park,Peter Bankes,Match Report,
22,Sat,2018-12-15,15:00 (20:30),QPR,2–1,Middlesbrough,14088,Loftus Road Stadium,Oliver Langford,Match Report,
22,Sat,2018-12-15,15:00 (20:30),Preston,3–2,Millwall,10924,Deepdale Stadium,John Brooks,Match Report,
22,Sat,2018-12-15,15:00 (20:30),Hull City,2–0,Brentford,10530,Kingston Communications Stadium,Andrew Davies,Match Report,
22,Sat,2018-12-15,15:00 (20:30),Blackburn,2–2,Birmingham City,13622,Ewood Park,Tony Harrington,Match Report,
22,Sat,2018-12-15,15:00 (20:30),Swansea City,2–1,Sheffield Weds,18692,Liberty Stadium,David Webb,Match Report,
22,Sat,2018-12-15,15:00 (20:30),Bolton,0–1,Leeds United,17484,Macron Stadium,Robert Jones,Match Report,
22,Sat,2018-12-15,15:00 (20:30),Rotherham Utd,1–1,Reading,8775,New York Stadium,Ross Joyce,Match Report,
22,Sat,2018-12-15,17:30 (23:00),Bristol City,2–2,Norwich City,19851,Ashton Gate Stadium,Roger East,Match Report,
22,Mon,2018-12-17,19:45 (01:15),Derby County,0–0,Nott'ham Forest,31160,iPro Stadium,Keith Stroud,Match Report,
,,,,,,,,,,,
23,Sat,2018-12-22,15:00 (20:30),Brentford,1–0,Bolton,10512,Griffin Park,James Linington,Match Report,
23,Sat,2018-12-22,15:00 (20:30),Sheffield Weds,1–0,Preston,22366,Hillsborough Stadium,David Coote,Match Report,
23,Sat,2018-12-22,15:00 (20:30),Reading,0–1,Middlesbrough,14943,Madejski Stadium,Steve Martin,Match Report,
23,Sat,2018-12-22,15:00 (20:30),Rotherham Utd,0–4,West Brom,10593,New York Stadium,Tony Harrington,Match Report,
23,Sat,2018-12-22,15:00 (20:30),Derby County,1–1,Bristol City,26719,iPro Stadium,Darren Bond,Match Report,
23,Sat,2018-12-22,15:00 (20:30),Wigan Athletic,0–3,Birmingham City,13774,The DW Stadium,Ross Joyce,Match Report,
23,Sat,2018-12-22,15:00 (20:30),Blackburn,0–1,Norwich City,14202,Ewood Park,Darren England,Match Report,
23,Sat,2018-12-22,15:00 (20:30),Stoke City,1–0,Millwall,25351,Bet365 Stadium,Chris Kavanagh,Match Report,
23,Sat,2018-12-22,15:00 (20:30),Ipswich Town,1–1,Sheffield Utd,17942,Portman Road Stadium,Andy Woolmer,Match Report,
23,Sat,2018-12-22,15:00 (20:30),Nott'ham Forest,0–1,QPR,28177,The City Ground,Gavin Ward,Match Report,
23,Sat,2018-12-22,17:30 (23:00),Hull City,3–2,Swansea City,10848,Kingston Communications Stadium,Oliver Langford,Match Report,
23,Sun,2018-12-23,13:30 (19:00),Aston Villa,2–3,Leeds United,41411,Villa Park,Andy Madley,Match Report,
,,,,,,,,,,,
24,Wed,2018-12-26,15:00 (20:30),Millwall,1–0,Reading,12202,The Den,Andrew Davies,Match Report,
24,Wed,2018-12-26,15:00 (20:30),QPR,3–0,Ipswich Town,14584,Loftus Road Stadium,Keith Stroud,Match Report,
24,Wed,2018-12-26,15:00 (20:30),Preston,1–2,Hull City,14026,Deepdale Stadium,Scott Duncan,Match Report,
24,Wed,2018-12-26,15:00 (20:30),Swansea City,0–1,Aston Villa,20775,Liberty Stadium,Roger East,Match Report,
24,Wed,2018-12-26,15:00 (20:30),Birmingham City,2–0,Stoke City,26344,St Andrew's Trillion Trophy Stadium,Darren Bond,Match Report,
24,Wed,2018-12-26,15:00 (20:30),Middlesbrough,0–1,Sheffield Weds,30341,Riverside Stadium,Peter Bankes,Match Report,
24,Wed,2018-12-26,15:00 (20:30),Sheffield Utd,3–1,Derby County,28974,Bramall Lane,Geoff Eltringham,Match Report,
24,Wed,2018-12-26,15:00 (20:30),West Brom,2–0,Wigan Athletic,25555,The Hawthorns,Robert Jones,Match Report,
24,Wed,2018-12-26,15:00 (20:30),Bolton,2–1,Rotherham Utd,15255,Macron Stadium,Jeremy Simpson,Match Report,
24,Wed,2018-12-26,15:00 (20:30),Bristol City,1–1,Brentford,21207,Ashton Gate Stadium,David Webb,Match Report,
24,Wed,2018-12-26,15:00 (20:30),Leeds United,3–2,Blackburn,34863,Elland Road,Steve Martin,Match Report,
24,Wed,2018-12-26,15:00 (20:30),Norwich City,3–3,Nott'ham Forest,26933,Carrow Road,John Brooks,Match Report,
,,,,,,,,,,,
25,Sat,2018-12-29,15:00 (20:30),Millwall,1–0,Nott'ham Forest,15273,The Den,Tony Harrington,Match Report,
25,Sat,2018-12-29,15:00 (20:30),Middlesbrough,2–0,Ipswich Town,23334,Riverside Stadium,Jeremy Simpson,Match Report,
25,Sat,2018-12-29,15:00 (20:30),Bristol City,1–0,Rotherham Utd,21207,Ashton Gate Stadium,Scott Duncan,Match Report,
25,Sat,2018-12-29,15:00 (20:30),Leeds United,0–2,Hull City,35754,Elland Road,John Brooks,Match Report,
25,Sat,2018-12-29,15:00 (20:30),QPR,0–0,Reading,15721,Loftus Road Stadium,Robert Jones,Match Report,
25,Sat,2018-12-29,15:00 (20:30),Birmingham City,0–0,Brentford,23909,St Andrew's Trillion Trophy Stadium,Peter Bankes,Match Report,
25,Sat,2018-12-29,15:00 (20:30),Norwich City,3–4,Derby County,26866,Carrow Road,David Webb,Match Report,
25,Sat,2018-12-29,15:00 (20:30),Preston,1–1,Aston Villa,19126,Deepdale Stadium,Geoff Eltringham,Match Report,
25,Sat,2018-12-29,15:00 (20:30),Swansea City,2–2,Wigan Athletic,18591,Liberty Stadium,James Linington,Match Report,
25,Sat,2018-12-29,15:00 (20:30),West Brom,1–1,Sheffield Weds,26548,The Hawthorns,Andrew Davies,Match Report,
25,Sat,2018-12-29,15:00 (20:30),Sheffield Utd,3–0,Blackburn,27384,Bramall Lane,Anthony Taylor,Match Report,
25,Sat,2018-12-29,15:00 (20:30),Bolton,0–0,Stoke City,15309,Macron Stadium,Keith Stroud,Match Report,
,,,,,,,,,,,
26,Tue,2019-01-01,15:00 (20:30),Blackburn,2–1,West Brom,14258,Ewood Park,Oliver Langford,Match Report,
26,Tue,2019-01-01,15:00 (20:30),Aston Villa,2–2,QPR,37760,Villa Park,James Linington,Match Report,
26,Tue,2019-01-01,15:00 (20:30),Derby County,1–1,Middlesbrough,28123,iPro Stadium,Robert Jones,Match Report,
26,Tue,2019-01-01,15:00 (20:30),Reading,1–4,Swansea City,15644,Madejski Stadium,Tim Robinson,Match Report,
26,Tue,2019-01-01,15:00 (20:30),Rotherham Utd,2–1,Preston,9077,New York Stadium,Lee Probert,Match Report,
26,Tue,2019-01-01,15:00 (20:30),Ipswich Town,2–3,Millwall,16957,Portman Road Stadium,Steve Martin,Match Report,
26,Tue,2019-01-01,15:00 (20:30),Brentford,1–1,Norwich City,9524,Griffin Park,Gavin Ward,Match Report,
26,Tue,2019-01-01,15:00 (20:30),Hull City,6–0,Bolton,12418,Kingston Communications Stadium,Tony Harrington,Match Report,
26,Tue,2019-01-01,15:00 (20:30),Stoke City,0–2,Bristol City,23912,Bet365 Stadium,Paul Tierney,Match Report,
26,Tue,2019-01-01,15:00 (20:30),Wigan Athletic,0–3,Sheffield Utd,13054,The DW Stadium,Andy Madley,Match Report,
26,Tue,2019-01-01,15:00 (20:30),Nott'ham Forest,4–2,Leeds United,29530,The City Ground,Darren England,Match Report,
26,Tue,2019-01-01,15:00 (20:30),Sheffield Weds,1–1,Birmingham City,29462,Hillsborough Stadium,Andy Woolmer,Match Report,
,,,,,,,,,,,
27,Fri,2019-01-11,19:45 (01:15),Leeds United,2–0,Derby County,34668,Elland Road,Andrew Davies,Match Report,
27,Sat,2019-01-12,15:00 (20:30),Wigan Athletic,3–0,Aston Villa,13882,The DW Stadium,Tony Harrington,Match Report,
27,Sat,2019-01-12,15:00 (20:30),Birmingham City,1–2,Middlesbrough,21420,St Andrew's Trillion Trophy Stadium,Graham Scott,Match Report,
27,Sat,2019-01-12,15:00 (20:30),Preston,1–1,Swansea City,11604,Deepdale Stadium,Keith Stroud,Match Report,
27,Sat,2019-01-12,15:00 (20:30),Bristol City,2–1,Bolton,19730,Ashton Gate Stadium,Steve Martin,Match Report,
27,Sat,2019-01-12,15:00 (20:30),Sheffield Utd,1–0,QPR,25501,Bramall Lane,Andy Woolmer,Match Report,
27,Sat,2019-01-12,15:00 (20:30),Reading,2–0,Nott'ham Forest,15034,Madejski Stadium,Oliver Langford,Match Report,
27,Sat,2019-01-12,15:00 (20:30),Brentford,3–1,Stoke City,9439,Griffin Park,Tim Robinson,Match Report,
27,Sat,2019-01-12,15:00 (20:30),Ipswich Town,1–0,Rotherham Utd,20893,Portman Road Stadium,James Linington,Match Report,
27,Sat,2019-01-12,15:00 (20:30),Hull City,3–0,Sheffield Weds,14102,Kingston Communications Stadium,Geoff Eltringham,Match Report,
27,Sat,2019-01-12,15:00 (20:30),West Brom,1–1,Norwich City,26544,The Hawthorns,Darren England,Match Report,
27,Sat,2019-01-12,17:30 (23:00),Millwall,0–2,Blackburn,13862,The Den,Robert Jones,Match Report,
,,,,,,,,,,,
28,Fri,2019-01-18,19:45 (01:15),Norwich City,3–1,Birmingham City,25932,Carrow Road,Tim Robinson,Match Report,
28,Sat,2019-01-19,15:00 (20:30),Stoke City,2–1,Leeds United,28586,Bet365 Stadium,Gavin Ward,Match Report,
28,Sat,2019-01-19,15:00 (20:30),Blackburn,2–0,Ipswich Town,12762,Ewood Park,Darren England,Match Report,
28,Sat,2019-01-19,15:00 (20:30),Sheffield Weds,1–0,Wigan Athletic,22323,Hillsborough Stadium,Peter Bankes,Match Report,
28,Sat,2019-01-19,15:00 (20:30),Nott'ham Forest,0–1,Bristol City,28922,The City Ground,Jeremy Simpson,Match Report,
28,Sat,2019-01-19,15:00 (20:30),QPR,1–4,Preston,13736,Loftus Road Stadium,Andy Madley,Match Report,
28,Sat,2019-01-19,15:00 (20:30),Rotherham Utd,2–4,Brentford,8319,New York Stadium,Tony Harrington,Match Report,
28,Sat,2019-01-19,15:00 (20:30),Derby County,2–1,Reading,26404,iPro Stadium,Andy Woolmer,Match Report,
28,Sat,2019-01-19,15:00 (20:30),Aston Villa,2–2,Hull City,33619,Villa Park,Darren Bond,Match Report,
28,Sat,2019-01-19,15:00 (20:30),Middlesbrough,1–1,Millwall,21915,Riverside Stadium,Keith Stroud,Match Report,
28,Sat,2019-01-19,17:30 (23:00),Swansea City,1–0,Sheffield Utd,18673,Liberty Stadium,John Brooks,Match Report,
28,Mon,2019-01-21,20:00 (01:30),Bolton,0–2,West Brom,14750,Macron Stadium,David Webb,Match Report,
,,,,,,,,,,,
29,Sat,2019-01-26,15:00 (20:30),Stoke City,0–2,Preston,25053,Bet365 Stadium,Oliver Langford,Match Report,
29,Sat,2019-01-26,15:00 (20:30),Aston Villa,2–1,Ipswich Town,33653,Villa Park,Keith Stroud,Match Report,
29,Sat,2019-01-26,15:00 (20:30),Blackburn,3–0,Hull City,13589,Ewood Park,Jeremy Simpson,Match Report,
29,Sat,2019-01-26,15:00 (20:30),Rotherham Utd,1–2,Leeds United,11259,New York Stadium,Tim Robinson,Match Report,
29,Sat,2019-01-26,15:00 (20:30),Norwich City,2–2,Sheffield Utd,26844,Carrow Road,James Linington,Match Report,
29,Sat,2019-01-26,15:00 (20:30),Nott'ham Forest,3–1,Wigan Athletic,28848,The City Ground,Alan Davies,Match Report,
29,Tue,2019-01-29,19:45 (01:15),Swansea City,3–3,Birmingham City,18194,Liberty Stadium,Steve Martin,Match Report,
29,Tue,2019-01-29,20:00 (01:30),Bolton,1–1,Reading,12195,Macron Stadium,Scott Duncan,Match Report,
,,,,,,,,,,,
30,Fri,2019-02-01,19:45 (01:15),Preston,0–0,Derby County,12124,Deepdale Stadium,Darren Bond,Match Report,
30,Sat,2019-02-02,15:00 (20:30),Hull City,2–0,Stoke City,12776,Kingston Communications Stadium,Peter Bankes,Match Report,
30,Sat,2019-02-02,15:00 (20:30),Birmingham City,2–0,Nott'ham Forest,24235,St Andrew's Trillion Trophy Stadium,David Webb,Match Report,
30,Sat,2019-02-02,15:00 (20:30),Millwall,0–0,Rotherham Utd,12084,The Den,Andy Madley,Match Report,
30,Sat,2019-02-02,15:00 (20:30),Reading,0–0,Aston Villa,17458,Madejski Stadium,Geoff Eltringham,Match Report,
30,Sat,2019-02-02,15:00 (20:30),Bristol City,2–0,Swansea City,23560,Ashton Gate Stadium,Andy Woolmer,Match Report,
30,Sat,2019-02-02,15:00 (20:30),Sheffield Utd,2–0,Bolton,26131,Bramall Lane,Keith Stroud,Match Report,
30,Sat,2019-02-02,15:00 (20:30),Brentford,5–2,Blackburn,9972,Griffin Park,Andrew Davies,Match Report,
30,Sat,2019-02-02,15:00 (20:30),Wigan Athletic,2–1,QPR,9799,The DW Stadium,Scott Duncan,Match Report,
30,Sat,2019-02-02,15:00 (20:30),Ipswich Town,0–1,Sheffield Weds,16888,Portman Road Stadium,Oliver Langford,Match Report,
30,Sat,2019-02-02,15:00 (20:30),West Brom,2–3,Middlesbrough,24863,The Hawthorns,Tim Robinson,Match Report,
30,Sat,2019-02-02,17:30 (23:00),Leeds United,1–3,Norwich City,36524,Elland Road,Stuart Attwell,Match Report,
,,,,,,,,,,,
31,Fri,2019-02-08,19:45 (01:15),Aston Villa,3–3,Sheffield Utd,34892,Villa Park,Tony Harrington,Match Report,
31,Sat,2019-02-09,13:00 (18:30),Middlesbrough,1–1,Leeds United,30881,Riverside Stadium,Darren England,Match Report,
31,Sat,2019-02-09,15:00 (20:30),Sheffield Weds,0–0,Reading,23412,Hillsborough Stadium,John Brooks,Match Report,
31,Sat,2019-02-09,15:00 (20:30),Swansea City,1–0,Millwall,18650,Liberty Stadium,Kevin Friend,Match Report,
31,Sat,2019-02-09,15:00 (20:30),Blackburn,0–1,Bristol City,13593,Ewood Park,James Linington,Match Report,
31,Sat,2019-02-09,15:00 (20:30),Derby County,2–0,Hull City,28211,iPro Stadium,Gavin Ward,Match Report,
31,Sat,2019-02-09,15:00 (20:30),Bolton,1–2,Preston,17381,Macron Stadium,Andy Madley,Match Report,
31,Sat,2019-02-09,15:00 (20:30),QPR,3–4,Birmingham City,14234,Loftus Road Stadium,Darren Bond,Match Report,
31,Sat,2019-02-09,15:00 (20:30),Rotherham Utd,1–1,Wigan Athletic,9611,New York Stadium,Oliver Langford,Match Report,
31,Sat,2019-02-09,15:00 (20:30),Nott'ham Forest,2–1,Brentford,27829,The City Ground,Robert Jones,Match Report,
31,Sat,2019-02-09,17:30 (23:00),Stoke City,0–1,West Brom,26828,Bet365 Stadium,Jeremy Simpson,Match Report,
31,Sun,2019-02-10,12:00 (17:30),Norwich City,3–0,Ipswich Town,27040,Carrow Road,Peter Bankes,Match Report,
,,,,,,,,,,,
32,Tue,2019-02-12,19:45 (01:15),Birmingham City,0–1,Bolton,21682,St Andrew's Trillion Trophy Stadium,Andrew Davies,Match Report,
32,Tue,2019-02-12,19:45 (01:15),Hull City,2–2,Rotherham Utd,10785,Kingston Communications Stadium,Scott Duncan,Match Report,
32,Tue,2019-02-12,19:45 (01:15),Bristol City,2–1,QPR,19183,Ashton Gate Stadium,Tony Harrington,Match Report,
32,Tue,2019-02-12,19:45 (01:15),Millwall,0–0,Sheffield Weds,11828,The Den,Tim Robinson,Match Report,
32,Tue,2019-02-12,20:00 (01:30),West Brom,2–2,Nott'ham Forest,22691,The Hawthorns,Lee Mason,Match Report,
32,Wed,2019-02-13,19:45 (01:15),Leeds United,2–1,Swansea City,34044,Elland Road,David Webb,Match Report,
32,Wed,2019-02-13,19:45 (01:15),Wigan Athletic,0–0,Stoke City,9914,The DW Stadium,Keith Stroud,Match Report,
32,Wed,2019-02-13,19:45 (01:15),Brentford,1–0,Aston Villa,9636,Griffin Park,Gavin Ward,Match Report,
32,Wed,2019-02-13,19:45 (01:15),Preston,3–1,Norwich City,11280,Deepdale Stadium,Geoff Eltringham,Match Report,
32,Wed,2019-02-13,19:45 (01:15),Sheffield Utd,1–0,Middlesbrough,24805,Bramall Lane,Andy Woolmer,Match Report,
32,Wed,2019-02-13,19:45 (01:15),Ipswich Town,1–1,Derby County,18604,Portman Road Stadium,Andy Madley,Match Report,
32,Wed,2019-02-13,20:00 (01:30),Reading,2–1,Blackburn,11271,Madejski Stadium,Steve Martin,Match Report,
,,,,,,,,,,,
33,Sat,2019-02-16,13:00 (18:30),Rotherham Utd,2–2,Sheffield Weds,11736,New York Stadium,Darren England,Match Report,
33,Sat,2019-02-16,15:00 (20:30),Preston,0–0,Nott'ham Forest,13904,Deepdale Stadium,Tim Robinson,Match Report,
33,Sat,2019-02-16,15:00 (20:30),Aston Villa,0–2,West Brom,39263,Villa Park,James Linington,Match Report,
33,Sat,2019-02-16,15:00 (20:30),Sheffield Utd,4–0,Reading,26513,Bramall Lane,Robert Jones,Match Report,
33,Sat,2019-02-16,15:00 (20:30),Ipswich Town,1–1,Stoke City,15924,Portman Road Stadium,Scott Duncan,Match Report,
33,Sat,2019-02-16,15:00 (20:30),Bolton,0–4,Norwich City,14006,Macron Stadium,Andy Woolmer,Match Report,
33,Sun,2019-02-17,13:00 (18:30),Blackburn,0–1,Middlesbrough,13249,Ewood Park,Darren Bond,Match Report,
,,,,,,,,,,,
29,Tue,2019-02-19,19:45 (01:15),QPR,2–3,West Brom,12257,Loftus Road Stadium,John Brooks,Match Report,
29,Wed,2019-02-20,19:45 (01:15),Derby County,0–1,Millwall,24907,iPro Stadium,James Linington,Match Report,
,,,,,,,,,,,
34,Sat,2019-02-23,15:00 (20:30),Sheffield Weds,3–1,Swansea City,22935,Hillsborough Stadium,Geoff Eltringham,Match Report,
34,Sat,2019-02-23,15:00 (20:30),Leeds United,2–1,Bolton,34144,Elland Road,Tony Harrington,Match Report,
34,Sat,2019-02-23,15:00 (20:30),Brentford,5–1,Hull City,9675,Griffin Park,Tim Robinson,Match Report,
34,Sat,2019-02-23,15:00 (20:30),Wigan Athletic,1–1,Ipswich Town,10835,The DW Stadium,Lee Probert,Match Report,
34,Sat,2019-02-23,15:00 (20:30),Birmingham City,2–2,Blackburn,21869,St Andrew's Trillion Trophy Stadium,Peter Bankes,Match Report,
34,Sat,2019-02-23,15:00 (20:30),Norwich City,3–2,Bristol City,26338,Carrow Road,Gavin Ward,Match Report,
34,Sat,2019-02-23,15:00 (20:30),Middlesbrough,2–0,QPR,22338,Riverside Stadium,Andy Madley,Match Report,
34,Sat,2019-02-23,15:00 (20:30),Millwall,1–3,Preston,13265,The Den,Steve Martin,Match Report,
34,Sat,2019-02-23,15:00 (20:30),Reading,1–1,Rotherham Utd,15958,Madejski Stadium,Jeremy Simpson,Match Report,
34,Sat,2019-02-23,15:00 (20:30),Stoke City,1–1,Aston Villa,27975,Bet365 Stadium,David Webb,Match Report,
34,Sat,2019-02-23,17:30 (23:00),West Brom,0–1,Sheffield Utd,24928,The Hawthorns,Oliver Langford,Match Report,
34,Mon,2019-02-25,19:45 (01:15),Nott'ham Forest,1–0,Derby County,29421,The City Ground,Robert Jones,Match Report,
,,,,,,,,,,,
29,Tue,2019-02-26,19:45 (01:15),Sheffield Weds,2–0,Brentford,23094,Hillsborough Stadium,Scott Duncan,Match Report,
,,,,,,,,,,,
33,Tue,2019-02-26,19:45 (01:15),Bristol City,1–2,Birmingham City,19777,Ashton Gate Stadium,Geoff Eltringham,Match Report,
33,Tue,2019-02-26,19:45 (01:15),QPR,1–0,Leeds United,14763,Loftus Road Stadium,Andrew Davies,Match Report,
33,Tue,2019-02-26,19:45 (01:15),Hull City,2–1,Millwall,10191,Kingston Communications Stadium,Darren Bond,Match Report,
,,,,,,,,,,,
35,Fri,2019-03-01,19:45 (01:15),Leeds United,4–0,West Brom,35888,Elland Road,Tim Robinson,Match Report,
35,Sat,2019-03-02,15:00 (20:30),Swansea City,2–0,Bolton,17880,Liberty Stadium,Gavin Ward,Match Report,
35,Sat,2019-03-02,15:00 (20:30),Rotherham Utd,3–2,Blackburn,9663,New York Stadium,John Brooks,Match Report,
35,Sat,2019-03-02,15:00 (20:30),Hull City,2–0,Birmingham City,12551,Kingston Communications Stadium,Tony Harrington,Match Report,
35,Sat,2019-03-02,15:00 (20:30),Millwall,1–3,Norwich City,16748,The Den,David Webb,Match Report,
35,Sat,2019-03-02,15:00 (20:30),Preston,1–1,Bristol City,12863,Deepdale Stadium,Jeremy Simpson,Match Report,
35,Sat,2019-03-02,15:00 (20:30),Stoke City,2–0,Nott'ham Forest,26736,Bet365 Stadium,Roger East,Match Report,
35,Sat,2019-03-02,15:00 (20:30),Brentford,3–0,QPR,11771,Griffin Park,Keith Stroud,Match Report,
35,Sat,2019-03-02,15:00 (20:30),Ipswich Town,1–2,Reading,23009,Portman Road Stadium,Geoff Eltringham,Match Report,
35,Sat,2019-03-02,15:00 (20:30),Aston Villa,4–0,Derby County,37273,Villa Park,Lee Mason,Match Report,
35,Sat,2019-03-02,15:00 (20:30),Wigan Athletic,0–0,Middlesbrough,12726,The DW Stadium,Steve Martin,Match Report,
35,Mon,2019-03-04,19:45 (01:15),Sheffield Weds,0–0,Sheffield Utd,31630,Hillsborough Stadium,Peter Bankes,Match Report,
,,,,,,,,,,,
33,Tue,2019-03-05,19:45 (01:15),Derby County,2–1,Wigan Athletic,23655,iPro Stadium,Néstor Pitana,Match Report,
,,,,,,,,,,,
36,Fri,2019-03-08,19:45 (01:15),Norwich City,1–0,Swansea City,26360,Carrow Road,Robert Jones,Match Report,
36,Sat,2019-03-09,12:00 (17:30),Blackburn,0–1,Preston,21577,Ewood Park,Oliver Langford,Match Report,
36,Sat,2019-03-09,12:15 (17:45),Sheffield Utd,2–0,Rotherham Utd,27402,Bramall Lane,Geoff Eltringham,Match Report,
36,Sat,2019-03-09,15:00 (20:30),Middlesbrough,1–2,Brentford,22069,Riverside Stadium,Jeremy Simpson,Match Report,
36,Sat,2019-03-09,15:00 (20:30),Reading,3–2,Wigan Athletic,15401,Madejski Stadium,Andrew Davies,Match Report,
36,Sat,2019-03-09,15:00 (20:30),Bristol City,0–1,Leeds United,24832,Ashton Gate Stadium,Peter Bankes,Match Report,
36,Sat,2019-03-09,15:00 (20:30),Bolton,2–1,Millwall,13035,Macron Stadium,Simon Hooper,Match Report,
36,Sat,2019-03-09,15:00 (20:30),Derby County,1–1,Sheffield Weds,28574,iPro Stadium,Keith Stroud,Match Report,
36,Sat,2019-03-09,15:00 (20:30),Nott'ham Forest,3–0,Hull City,29397,The City Ground,James Linington,Match Report,
36,Sat,2019-03-09,15:00 (20:30),QPR,0–0,Stoke City,14954,Loftus Road Stadium,Gavin Ward,Match Report,
36,Sat,2019-03-09,15:00 (20:30),West Brom,1–1,Ipswich Town,23973,The Hawthorns,Andy Woolmer,Match Report,
36,Sun,2019-03-10,12:00 (17:30),Birmingham City,0–1,Aston Villa,26631,St Andrew's Trillion Trophy Stadium,Tim Robinson,Match Report,
,,,,,,,,,,,
37,Tue,2019-03-12,19:45 (01:15),Blackburn,3–0,Wigan Athletic,12763,Ewood Park,Chris Kavanagh,Match Report,
37,Tue,2019-03-12,19:45 (01:15),Bristol City,1–1,Ipswich Town,18411,Ashton Gate Stadium,Darren Bond,Match Report,
37,Tue,2019-03-12,19:45 (01:15),Sheffield Utd,2–0,Brentford,24463,Bramall Lane,Tony Harrington,Match Report,
37,Tue,2019-03-12,20:00 (01:30),Bolton,0–2,Sheffield Weds,13624,Macron Stadium,Steve Martin,Match Report,
37,Tue,2019-03-12,20:00 (01:30),Reading,0–3,Leeds United,17101,Madejski Stadium,Gavin Ward,Match Report,
37,Wed,2019-03-13,19:45 (01:15),Middlesbrough,1–2,Preston,21088,Riverside Stadium,Keith Stroud,Match Report,
37,Wed,2019-03-13,19:45 (01:15),Nott'ham Forest,1–3,Aston Villa,29224,The City Ground,Mike Dean,Match Report,
37,Wed,2019-03-13,19:45 (01:15),Birmingham City,0–2,Millwall,20151,St Andrew's Trillion Trophy Stadium,John Brooks,Match Report,
37,Wed,2019-03-13,19:45 (01:15),Derby County,0–0,Stoke City,25685,iPro Stadium,Oliver Langford,Match Report,
37,Wed,2019-03-13,19:45 (01:15),Norwich City,3–2,Hull City,25879,Carrow Road,Andy Madley,Match Report,
37,Wed,2019-03-13,19:45 (01:15),QPR,1–2,Rotherham Utd,10854,Loftus Road Stadium,David Webb,Match Report,
37,Wed,2019-03-13,20:00 (01:30),West Brom,3–0,Swansea City,20282,The Hawthorns,Scott Duncan,Match Report,
,,,,,,,,,,,
38,Sat,2019-03-16,12:30 (18:00),Leeds United,0–1,Sheffield Utd,37004,Elland Road,David Coote,Match Report,
38,Sat,2019-03-16,15:00 (20:30),Wigan Athletic,5–2,Bolton,13664,The DW Stadium,Robert Jones,Match Report,
38,Sat,2019-03-16,15:00 (20:30),Hull City,2–2,QPR,11227,Kingston Communications Stadium,Steve Martin,Match Report,
38,Sat,2019-03-16,15:00 (20:30),Stoke City,0–0,Reading,24368,Bet365 Stadium,Jeremy Simpson,Match Report,
38,Sat,2019-03-16,15:00 (20:30),Ipswich Town,1–1,Nott'ham Forest,16709,Portman Road Stadium,Keith Stroud,Match Report,
38,Sat,2019-03-16,15:00 (20:30),Preston,1–0,Birmingham City,17509,Deepdale Stadium,Scott Duncan,Match Report,
38,Sat,2019-03-16,15:00 (20:30),Aston Villa,3–0,Middlesbrough,36263,Villa Park,Darren Bond,Match Report,
38,Sat,2019-03-16,15:00 (20:30),Brentford,0–1,West Brom,11488,Griffin Park,Andy Madley,Match Report,
38,Sat,2019-03-16,15:00 (20:30),Rotherham Utd,1–2,Norwich City,11026,New York Stadium,Oliver Langford,Match Report,
38,Sat,2019-03-16,15:00 (20:30),Sheffield Weds,4–2,Blackburn,24608,Hillsborough Stadium,James Linington,Match Report,
,,,,,,,,,,,
39,Fri,2019-03-29,20:00 (01:30),West Brom,3–2,Birmingham City,24789,The Hawthorns,David Webb,Match Report,
39,Sat,2019-03-30,15:00 (20:30),Leeds United,3–2,Millwall,34910,Elland Road,Darren Bond,Match Report,
39,Sat,2019-03-30,15:00 (20:30),QPR,1–2,Bolton,13603,Loftus Road Stadium,Geoff Eltringham,Match Report,
39,Sat,2019-03-30,15:00 (20:30),Reading,2–1,Preston,16771,Madejski Stadium,Tony Harrington,Match Report,
39,Sat,2019-03-30,15:00 (20:30),Stoke City,0–0,Sheffield Weds,26398,Bet365 Stadium,Andy Madley,Match Report,
39,Sat,2019-03-30,15:00 (20:30),Derby County,6–1,Rotherham Utd,27003,iPro Stadium,Tim Robinson,Match Report,
39,Sat,2019-03-30,15:00 (20:30),Wigan Athletic,0–0,Brentford,9953,The DW Stadium,Andy Woolmer,Match Report,
39,Sat,2019-03-30,15:00 (20:30),Sheffield Utd,2–3,Bristol City,30030,Bramall Lane,James Linington,Match Report,
39,Sat,2019-03-30,15:00 (20:30),Aston Villa,2–1,Blackburn,39687,Villa Park,Robert Jones,Match Report,
39,Sat,2019-03-30,15:00 (20:30),Nott'ham Forest,2–1,Swansea City,28469,The City Ground,Jeremy Simpson,Match Report,
39,Sat,2019-03-30,15:00 (20:30),Ipswich Town,0–2,Hull City,15720,Portman Road Stadium,John Brooks,Match Report,
39,Sat,2019-03-30,17:30 (23:00),Middlesbrough,0–1,Norwich City,23795,Riverside Stadium,David Coote,Match Report,
,,,,,,,,,,,
29,Tue,2019-04-02,19:45 (00:15),Middlesbrough,0–1,Bristol City,21016,Riverside Stadium,Gavin Ward,Match Report,
,,,,,,,,,,,
33,Tue,2019-04-02,19:45 (00:15),Swansea City,3–0,Brentford,17197,Liberty Stadium,Peter Bankes,Match Report,
,,,,,,,,,,,
40,Sat,2019-04-06,12:30 (17:00),Norwich City,4–0,QPR,26796,Carrow Road,Scott Duncan,Match Report,
40,Sat,2019-04-06,15:00 (19:30),Preston,0–1,Sheffield Utd,18339,Deepdale Stadium,Gavin Ward,Match Report,
40,Sat,2019-04-06,15:00 (19:30),Brentford,3–3,Derby County,12225,Griffin Park,John Brooks,Match Report,
40,Sat,2019-04-06,15:00 (19:30),Sheffield Weds,1–3,Aston Villa,29458,Hillsborough Stadium,Oliver Langford,Match Report,
40,Sat,2019-04-06,15:00 (19:30),Bolton,1–2,Ipswich Town,17811,Macron Stadium,Peter Bankes,Match Report,
40,Sat,2019-04-06,15:00 (19:30),Rotherham Utd,2–1,Nott'ham Forest,11012,New York Stadium,Steve Martin,Match Report,
40,Sat,2019-04-06,15:00 (19:30),Bristol City,2–2,Wigan Athletic,20931,Ashton Gate Stadium,Keith Stroud,Match Report,
40,Sat,2019-04-06,15:00 (19:30),Swansea City,3–1,Middlesbrough,18171,Liberty Stadium,Andy Woolmer,Match Report,
40,Sat,2019-04-06,15:00 (19:30),Blackburn,0–1,Stoke City,17478,Ewood Park,Geoff Eltringham,Match Report,
40,Sat,2019-04-06,15:00 (19:30),Hull City,3–1,Reading,11268,Kingston Communications Stadium,Tim Robinson,Match Report,
40,Sat,2019-04-06,15:00 (19:30),Millwall,2–0,West Brom,15303,The Den,James Linington,Match Report,
40,Sat,2019-04-06,15:00 (19:30),Birmingham City,1–0,Leeds United,24197,St Andrew's Trillion Trophy Stadium,Mike Dean,Match Report,
,,,,,,,,,,,
41,Tue,2019-04-09,19:45 (00:15),Blackburn,2–0,Derby County,12590,Ewood Park,Jeremy Simpson,Match Report,
41,Tue,2019-04-09,19:45 (00:15),Swansea City,3–1,Stoke City,17804,Liberty Stadium,James Linington,Match Report,
41,Tue,2019-04-09,19:45 (00:15),Sheffield Weds,3–0,Nott'ham Forest,23931,Hillsborough Stadium,Lee Mason,Match Report,
41,Tue,2019-04-09,19:45 (00:15),Preston,0–2,Leeds United,18019,Deepdale Stadium,Robert Jones,Match Report,
41,Tue,2019-04-09,19:45 (00:15),Bristol City,3–2,West Brom,20581,Ashton Gate Stadium,Simon Hooper,Match Report,
41,Tue,2019-04-09,20:00 (00:30),Bolton,0–2,Middlesbrough,12259,Macron Stadium,Steve Martin,Match Report,
41,Wed,2019-04-10,19:45 (00:15),Norwich City,2–2,Reading,26662,Carrow Road,Keith Stroud,Match Report,
41,Wed,2019-04-10,19:45 (00:15),Millwall,0–0,QPR,13132,The Den,John Brooks,Match Report,
41,Wed,2019-04-10,19:45 (00:15),Hull City,2–1,Wigan Athletic,10827,Kingston Communications Stadium,David Webb,Match Report,
41,Wed,2019-04-10,19:45 (00:15),Birmingham City,1–1,Sheffield Utd,22351,St Andrew's Trillion Trophy Stadium,Darren Bond,Match Report,
41,Wed,2019-04-10,19:45 (00:15),Brentford,2–0,Ipswich Town,10039,Griffin Park,Andrew Davies,Match Report,
41,Wed,2019-04-10,19:45 (00:15),Rotherham Utd,1–2,Aston Villa,10558,New York Stadium,Andy Madley,Match Report,
,,,,,,,,,,,
42,Sat,2019-04-13,15:00 (19:30),Stoke City,2–2,Rotherham Utd,24250,Bet365 Stadium,Andy Woolmer,Match Report,
42,Sat,2019-04-13,15:00 (19:30),West Brom,4–1,Preston,25088,The Hawthorns,Roger East,Match Report,
42,Sat,2019-04-13,15:00 (19:30),Nott'ham Forest,1–2,Blackburn,27786,The City Ground,Darren Bond,Match Report,
42,Sat,2019-04-13,15:00 (19:30),Aston Villa,2–1,Bristol City,41418,Villa Park,Scott Duncan,Match Report,
42,Sat,2019-04-13,15:00 (19:30),Sheffield Utd,1–1,Millwall,26703,Bramall Lane,David Webb,Match Report,
42,Sat,2019-04-13,15:00 (19:30),Middlesbrough,1–0,Hull City,22427,Riverside Stadium,Robert Jones,Match Report,
42,Sat,2019-04-13,15:00 (19:30),Derby County,4–0,Bolton,26602,iPro Stadium,Andrew Davies,Match Report,
42,Sat,2019-04-13,15:00 (19:30),Ipswich Town,1–1,Birmingham City,17248,Portman Road Stadium,Jeremy Simpson,Match Report,
42,Sat,2019-04-13,15:00 (19:30),Reading,2–1,Brentford,16892,Madejski Stadium,Steve Martin,Match Report,
42,Sat,2019-04-13,15:00 (19:30),QPR,4–0,Swansea City,13872,Loftus Road Stadium,Andy Madley,Match Report,
42,Sat,2019-04-13,17:30 (22:00),Leeds United,1–0,Sheffield Weds,36461,Elland Road,Tim Robinson,Match Report,
42,Sun,2019-04-14,12:00 (16:30),Wigan Athletic,1–1,Norwich City,15655,The DW Stadium,James Linington,Match Report,
,,,,,,,,,,,
43,Fri,2019-04-19,12:00 (16:30),Bristol City,1–1,Reading,23309,Ashton Gate Stadium,Oliver Langford,Match Report,
43,Fri,2019-04-19,12:30 (17:00),Sheffield Utd,2–0,Nott'ham Forest,28403,Bramall Lane,Andy Madley,Match Report,
43,Fri,2019-04-19,13:00 (17:30),Millwall,1–1,Brentford,14530,The Den,Jeremy Simpson,Match Report,
43,Fri,2019-04-19,15:00 (19:30),West Brom,3–2,Hull City,23501,The Hawthorns,Peter Bankes,Match Report,
43,Fri,2019-04-19,15:00 (19:30),QPR,1–2,Blackburn,13632,Loftus Road Stadium,Tim Robinson,Match Report,
43,Fri,2019-04-19,15:00 (19:30),Bolton,0–2,Aston Villa,17344,Macron Stadium,John Brooks,Match Report,
43,Fri,2019-04-19,15:00 (19:30),Leeds United,1–2,Wigan Athletic,34758,Elland Road,Scott Duncan,Match Report,
43,Fri,2019-04-19,15:00 (19:30),Preston,4–0,Ipswich Town,12546,Deepdale Stadium,Steve Martin,Match Report,
43,Fri,2019-04-19,15:00 (19:30),Birmingham City,2–2,Derby County,23902,St Andrew's Trillion Trophy Stadium,Simon Hooper,Match Report,
43,Fri,2019-04-19,15:00 (19:30),Swansea City,4–3,Rotherham Utd,18527,Liberty Stadium,Keith Stroud,Match Report,
43,Fri,2019-04-19,15:00 (19:30),Middlesbrough,1–0,Stoke City,22890,Riverside Stadium,Darren Bond,Match Report,
43,Fri,2019-04-19,19:45 (00:15),Norwich City,2–2,Sheffield Weds,26744,Carrow Road,Geoff Eltringham,Match Report,
,,,,,,,,,,,
44,Mon,2019-04-22,13:00 (17:30),Aston Villa,1–0,Millwall,39839,Villa Park,Tim Robinson,Match Report,
44,Mon,2019-04-22,15:00 (19:30),Hull City,0–3,Sheffield Utd,14116,Kingston Communications Stadium,Graham Scott,Match Report,
44,Mon,2019-04-22,15:00 (19:30),Sheffield Weds,2–0,Bristol City,23998,Hillsborough Stadium,Robert Jones,Match Report,
44,Mon,2019-04-22,15:00 (19:30),Stoke City,2–2,Norwich City,25487,Bet365 Stadium,Tony Harrington,Match Report,
44,Mon,2019-04-22,15:00 (19:30),Rotherham Utd,1–3,Birmingham City,10703,New York Stadium,Andrew Davies,Match Report,
44,Mon,2019-04-22,15:00 (19:30),Blackburn,2–0,Bolton,14495,Ewood Park,Andy Woolmer,Match Report,
44,Mon,2019-04-22,15:00 (19:30),Ipswich Town,0–1,Swansea City,17247,Portman Road Stadium,Darren England,Match Report,
44,Mon,2019-04-22,15:00 (19:30),Reading,0–0,West Brom,17255,Madejski Stadium,Gavin Ward,Match Report,
44,Mon,2019-04-22,15:00 (19:30),Nott'ham Forest,3–0,Middlesbrough,27653,The City Ground,Peter Bankes,Match Report,
44,Mon,2019-04-22,15:00 (19:30),Derby County,2–0,QPR,25986,iPro Stadium,David Webb,Match Report,
44,Mon,2019-04-22,15:00 (19:30),Wigan Athletic,2–0,Preston,12496,The DW Stadium,Andy Madley,Match Report,
44,Mon,2019-04-22,17:15 (21:45),Brentford,2–0,Leeds United,11580,Griffin Park,James Linington,Match Report,
,,,,,,,,,,,
45,Sat,2019-04-27,13:30 (18:00),Millwall,0–0,Stoke City,14472,The Den,Oliver Langford,Match Report,
45,Sat,2019-04-27,15:00 (19:30),West Brom,2–1,Rotherham Utd,24534,The Hawthorns,Robert Jones,Match Report,
45,Sat,2019-04-27,15:00 (19:30),Swansea City,2–2,Hull City,18192,Liberty Stadium,Geoff Eltringham,Match Report,
45,Sat,2019-04-27,15:00 (19:30),Birmingham City,1–1,Wigan Athletic,23645,St Andrew's Trillion Trophy Stadium,Steve Martin,Match Report,
45,Sat,2019-04-27,15:00 (19:30),Preston,3–3,Sheffield Weds,15873,Deepdale Stadium,Jeremy Simpson,Match Report,
45,Sat,2019-04-27,15:00 (19:30),Bolton,0–1,Brentford,,Macron Stadium,Tony Harrington,Match Report,Match awarded to Brentford
45,Sat,2019-04-27,15:00 (19:30),QPR,0–1,Nott'ham Forest,15212,Loftus Road Stadium,Scott Duncan,Match Report,
45,Sat,2019-04-27,15:00 (19:30),Middlesbrough,2–1,Reading,22003,Riverside Stadium,John Brooks,Match Report,
45,Sat,2019-04-27,15:00 (19:30),Bristol City,0–2,Derby County,25556,Ashton Gate Stadium,Darren Bond,Match Report,
45,Sat,2019-04-27,17:15 (21:45),Sheffield Utd,2–0,Ipswich Town,30140,Bramall Lane,Tim Robinson,Match Report,
45,Sat,2019-04-27,19:30 (00:00),Norwich City,2–1,Blackburn,26848,Carrow Road,Andy Madley,Match Report,
45,Sun,2019-04-28,12:00 (16:30),Leeds United,1–1,Aston Villa,36786,Elland Road,Stuart Attwell,Match Report,
,,,,,,,,,,,
38,Tue,2019-04-30,19:45 (00:15),Millwall,1–2,Bristol City,12261,The Den,Andy Madley,Match Report,
38,Wed,2019-05-01,19:45 (00:15),Swansea City,1–1,Derby County,18434,Liberty Stadium,Peter Bankes,Match Report,
,,,,,,,,,,,
46,Sun,2019-05-05,12:30 (17:00),Nott'ham Forest,1–0,Bolton,27578,The City Ground,Oliver Langford,Match Report,
46,Sun,2019-05-05,12:30 (17:00),Stoke City,2–2,Sheffield Utd,26665,Bet365 Stadium,Geoff Eltringham,Match Report,
46,Sun,2019-05-05,12:30 (17:00),Wigan Athletic,1–0,Millwall,10859,The DW Stadium,Andy Woolmer,Match Report,
46,Sun,2019-05-05,12:30 (17:00),Ipswich Town,3–2,Leeds United,20895,Portman Road Stadium,Gavin Ward,Match Report,
46,Sun,2019-05-05,12:30 (17:00),Brentford,3–0,Preston,11289,Griffin Park,James Linington,Match Report,
46,Sun,2019-05-05,12:30 (17:00),Rotherham Utd,1–2,Middlesbrough,11051,New York Stadium,Andy Madley,Match Report,
46,Sun,2019-05-05,12:30 (17:00),Sheffield Weds,1–2,QPR,26111,Hillsborough Stadium,Andrew Davies,Match Report,
46,Sun,2019-05-05,12:30 (17:00),Hull City,1–1,Bristol City,12165,Kingston Communications Stadium,John Brooks,Match Report,
46,Sun,2019-05-05,12:30 (17:00),Blackburn,2–2,Swansea City,16227,Ewood Park,Jarred Gillett,Match Report,
46,Sun,2019-05-05,12:30 (17:00),Reading,0–0,Birmingham City,17247,Madejski Stadium,Keith Stroud,Match Report,
46,Sun,2019-05-05,12:30 (17:00),Aston Villa,1–2,Norwich City,41696,Villa Park,Peter Bankes,Match Report,
46,Sun,2019-05-05,12:30 (17:00),Derby County,3–1,West Brom,32055,iPro Stadium,Tim Robinson,Match Report,